business_name,phone,address,city,business_type,why_hot
Lee & Sons Plumbing & Heating,(805) 965-9586,806 E Haley St,Santa Barbara,Plumber,No website found in search results - only directory listings
Santa Barbara Plumbing,,,Santa Barbara,Plumber,Minimal online presence - needs professional website
D & L Electrical,,3129 E 63rd St,Long Beach,Electrician,Limited web presence - only Yelp listing found
Javier's Landscape,(714) 579-5754,,Huntington Beach,Landscaping,Small local business with Yelp only - no dedicated website
Carroll Plumbing & Maintenance,(805) 687-2677,2825 De La Vina St,Santa Barbara,Plumber,Local family business with minimal digital presence
Low Cost Plumbing,,615 Chaquita Rd,Santa Barbara,Plumber,Small operation - limited online visibility
Ace Plumbing,,,Santa Barbara,Plumber,Local service provider with no website in search results
Construction Plumbing,(805) 965-7377,812 E Yanonali St,Santa Barbara,Plumber,Business directory listing only - no website found
Santa Barbara Plumbing Supplies,(805) 965-5291,621 N Milpas St,Santa Barbara,Plumber,Traditional business with minimal web presence
Wilson Plumbing,,215 Gray Ave,Santa Barbara,Plumber,Established local business - needs modern website
Pacific Plumbing,,,Santa Barbara,Plumber,Family owned for 30+ years - limited online presence
George The Rooterman Plumbing,,,Santa Barbara,Plumber,Local service provider with directory listings only
Mario Castillo Electric,(562) 600-8507,444 West Ocean Blvd Ste 800,Long Beach,Electrician,Yelp presence only - needs dedicated website
Local Roofers,626-545-0192,3867 E Foothill Blvd,Pasadena,Roofer,Nextdoor listing only - no business website found
Oxnard Car Repair,(805) 483-4678,429 N Oxnard Blvd,Oxnard,Auto Repair,Small local repair shop with minimal web presence
Ventura ASAP Plumbing,(805) 244-8722,,Ventura,Plumber,20+ years in business - needs professional website
All American Plumbers,,,Ventura,Plumber,New small business - no website found
Tony's Roofing,626-696-0090,,Pasadena,Roofer,Reddit mention only - no formal website presence
Pasadena Electrician Masters,(626) 768-9548,40 N Altadena Dr,Pasadena,Electrician,Directory listing only
Mike's Electric Company,626-797-4780,,Pasadena,Electrician,Local contractor with basic online presence
Ducros Electrical Services,562-453-8688,,Long Beach,Electrician,Small local electrician - needs professional site
BK Electric Services,310-430-2300,,Long Beach,Electrician,Family owned - limited web presence
Southwest Electric,323-215-1273,,Long Beach,Electrician,Commercial focus - minimal consumer-facing website
My Long Beach Electrician Hero,,,Long Beach,Electrician,Referral service - local electricians need sites
Huntington Beach Landscapers,(657) 441-0261,,Huntington Beach,Landscaping,Small operation - basic web presence
Mark Talmo Landscape,714-391-6618,,Huntington Beach,Landscaping,Solo operator - needs professional website
Landscape by Hiro,714-968-0601,,Huntington Beach,Landscaping,30+ year business with email only - needs website
Javier's Landscape Service,(714) 579-5754,,Huntington Beach,Landscaping,Local landscaper - Yelp only
Southcal Landscape Corporation,949-704-5574,,Huntington Beach,Landscaping,Small commercial focus - minimal web presence
Urban Landscape,949-433-7428,,Huntington Beach,Landscaping,Custom designs - needs better web presence
StayGreen Commercial,800-741-9150,,Huntington Beach,Landscaping,B2B focus - consumer website needed
OC Landscaping Pros,949-313-2633,,Huntington Beach,Landscaping,Small team - basic website needed
Roof Repair Specialist,,,Pasadena,Roofer,Local specialist - directory listings only
Pasadena Roofing Contractors,626-240-1360,,Pasadena,Roofer,Small operation - minimal web presence
California Roof Savers,415-598-3033,,Pasadena,Roofer,Small business - limited online visibility
Cousins Contracting & Roofing,888-751-2390,,Pasadena,Roofer,Local contractor - needs professional site
Brewster Home Improvements,888-317-7168,,Pasadena,Roofer,Small local business - basic web presence
Araujo Roofing Inc.,760-891-5577,,San Diego,Roofer,Family owned - minimal web presence
Diamond Roofing,,,San Diego,Roofer,20+ years local - basic online presence
Professional Roofing San Diego,619-279-5732,,San Diego,Roofer,Small operation - needs website
Roofing Pro San Diego,,,San Diego,Roofer,Contractor with limited web presence
San Diego Roofing Inc.,,,San Diego,Roofer,75+ year business - outdated web presence
Richardson Roofing,858-283-9093,,San Diego,Roofer,Small local roofer - minimal online presence
San Diego Roof King,,,San Diego,Roofer,Solar roofing specialist - needs better site
HP Commercial Roofing Pro,909-521-1285,,San Diego,Roofer,Commercial focus - consumer site needed
DaBella Roofing,619-826-0582,,San Diego,Roofer,Regional company - local presence needed
Roofing Specialists of San Diego,858-922-5903,7905 Silverton Ave Ste 112,San Diego,Roofer,Small business - basic web presence
Anacapa Plumbing,805-570-4041,,Santa Barbara,Plumber,Local service provider - minimal web presence
Riviera Plumbing LLC,805-705-5913,,Santa Barbara,Plumber,Small family business - needs website
Luigi Crisa Plumbing,805-453-4722,,Santa Barbara,Plumber,Independent plumber - limited online presence
Jerry the Plumber,805-964-9841,,Santa Barbara,Plumber,Solo operator - directory listings only
Douglas E Wilson Plumbing,805-963-3454,215 Gray Ave,Santa Barbara,Plumber,Established local plumber - minimal web presence
Roto-Rooter Santa Barbara,805-968-6845,,Santa Barbara,Plumber,Franchise location - local site needed
Lewis Plumbing,805-516-5590,,Santa Barbara,Plumber,Local business - basic web presence
Crocker Refrigeration & Heating,805-285-3988,,Santa Barbara,HVAC,Small HVAC contractor - minimal online presence
Reed Mechanical Systems,805-768-6824,,Santa Barbara,HVAC,Ojai Valley contractor - limited web presence
A+ Refrigeration & HVAC,805-556-4077,3905 State St,Santa Barbara,HVAC,Local HVAC service - needs website
Rodger Jones Construction,805-910-9314,,Santa Barbara,HVAC,Small contractor - minimal web presence
West Coast Air Conditioning,,,Santa Barbara,HVAC,Local AC service - basic online presence
Advanced Air & Heating,805-272-0677,,Santa Barbara,HVAC,Small HVAC business - needs professional site
Econo West Heating & Air,,,Santa Barbara,HVAC,Budget HVAC services - limited web presence
Reliable HVAC Inc,805-743-4684,,Santa Barbara,HVAC,Small operation - minimal online presence
Conejo Services,805-499-0448,,Santa Barbara,HVAC,Local provider - basic website needed
Mauzy Heating & Air,619-439-0246,,San Diego,HVAC,Small local branch - needs dedicated site
Bob Jenson HVAC,619-202-5726,,San Diego,HVAC,Local specialist - minimal web presence
HVAC Experts Inc,619-800-0110,,San Diego,HVAC,Small business - basic online presence
Airmaxx HVAC,,,San Diego,HVAC,Since 1995 - outdated website
Reliable Standard,,,San Diego,HVAC,Local contractor - limited web presence
Carrier Commercial Service,858-277-9818,5450 Complex St Ste 310,San Diego,HVAC,Commercial focus - consumer site needed
Morey Plumbing Heating & Cooling,,,San Diego,HVAC,Small local business - needs website
San Diego Air Comfort,858-860-4438,,San Diego,HVAC,Small operation - minimal online presence
ASI Heating & Air,,,San Diego,HVAC,Local provider - basic web presence needed
Tito's Automotive Perfection,805-486-9025,1311 Commercial Ave,Oxnard,Auto Repair,Small shop - minimal online presence
Sharp's Auto Service,805-488-3110,,Oxnard,Auto Repair,Local mechanic - needs website
Airport Auto Tech,805-983-0800,,Oxnard,Auto Repair,Small operation - limited web presence
Mekaniks Plus,805-804-3555,632 Pacific Ave,Oxnard,Auto Repair,Local repair shop - minimal online presence
Concours Motors Auto Repair,805-641-3701,,Oxnard,Auto Repair,European specialist - basic web presence
Oxnard Mobile Mechanic,805-793-0922,,Oxnard,Auto Repair,Mobile service - needs professional website
Firestone Complete Auto Care,805-253-7093,321 S Oxnard Blvd,Oxnard,Auto Repair,Local franchise - consumer website needed
Toyota of Oxnard Service,888-586-9944,1631 Auto Center Drive,Oxnard,Auto Repair,Dealership service - local presence needed
LA Auto Center,,,Los Angeles,Auto Repair,Downtown shop - minimal web presence
Hobart Auto Center,,,Los Angeles,Auto Repair,Local mechanic - limited online presence
Freeway Auto Inc,,,Los Angeles,Auto Repair,Small shop - basic website needed
Palmer Tire & Auto Repair,,,Los Angeles,Auto Repair,Local business - needs website
Carotech Automotive,424-283-4303,8687 W Pico Blvd,Los Angeles,Auto Repair,Small repair shop - minimal web presence
ACB Auto Repair,,,Los Angeles,Auto Repair,Local mechanic - no website found
John's Auto Repair,,,Los Angeles,Auto Repair,Recommended on Reddit - needs website
Tammy N Tran DDS,562-912-4097,,Long Beach,Dentist,Local dentist - minimal online presence
Long Beach Dental & Orthodontics,562-912-7336,627 Magnolia Ave Ste 105,Long Beach,Dentist,Small practice - basic web presence
Healthy Smiles of Long Beach,562-414-5172,,Long Beach,Dentist,Local dental office - needs website
John H Cho DDS,562-262-5502,,Long Beach,Dentist,Family dentist - limited online presence
Funtastic General Dentistry,562-627-8800,,Long Beach,Dentist,Small practice - minimal web presence
Downtown Long Beach Dentistry,562-314-4169,560 Pine Ave,Long Beach,Dentist,Local dental office - basic website needed
The Dental Office of Long Beach,562-247-9789,7370 Carson Blvd,Long Beach,Dentist,Small practice - needs better site
Oral Health LB,562-570-3300,6335 Myrtle Avenue,Long Beach,Dentist,Public health - professional site needed
Convivo Restaurant & Bar,805-845-6789,2200 E Cabrillo Blvd,Santa Barbara,Restaurant,Hotel restaurant - local site needed
Loquita Santa Barbara,805-880-3380,202 State St,Santa Barbara,Restaurant,Local restaurant - basic web presence
Ca'Dario Santa Barbara,805-884-9419,,Santa Barbara,Restaurant,Italian restaurant - minimal online presence
Opal Restaurant & Bar,805-966-9676,1325 State St,Santa Barbara,Restaurant,Small restaurant - needs website
The Lark Santa Barbara,,131 Anacapa St,Santa Barbara,Restaurant,Popular spot - local presence needed
El Paseo Restaurant,805-962-6050,,Santa Barbara,Restaurant,Local favorite - outdated website
